log_comment,query_duration_ms,read_rows,read_bytes,memory_usage,result_rows,event_time,query,model,run,read_mb,memory_mb
benchmark_20260822_101612_q01_star_run_1,34,935805,9358050,5974508,65,2026-08-22 08:16:13,q01,star,1,8.924531936645508,5.697734832763672
benchmark_20260822_101612_q01_star_run_2,43,935805,9358050,5974508,65,2026-08-22 08:16:13,q01,star,2,8.924531936645508,5.697734832763672
benchmark_20260822_101612_q01_star_run_3,49,935805,9358050,5974508,65,2026-08-22 08:16:13,q01,star,3,8.924531936645508,5.697734832763672
benchmark_20260822_101612_q01_star_run_4,75,935805,9358050,5974508,65,2026-08-22 08:16:13,q01,star,4,8.924531936645508,5.697734832763672
benchmark_20260822_101612_q01_star_run_5,80,935805,9358050,5974508,65,2026-08-22 08:16:13,q01,star,5,8.924531936645508,5.697734832763672
benchmark_20260822_101612_q01_star_run_6,87,935805,9358050,5974508,65,2026-08-22 08:16:13,q01,star,6,8.924531936645508,5.697734832763672
benchmark_20260822_101612_q01_star_run_7,84,935805,9358050,5974508,65,2026-08-22 08:16:13,q01,star,7,8.924531936645508,5.697734832763672
benchmark_20260822_101612_q01_star_run_8,101,935805,9358050,5974508,65,2026-08-22 08:16:14,q01,star,8,8.924531936645508,5.697734832763672
benchmark_20260822_101612_q01_star_run_9,96,935805,9358050,5974668,65,2026-08-22 08:16:14,q01,star,9,8.924531936645508,5.697887420654297
benchmark_20260822_101612_q01_star_run_10,88,935805,9358050,5974508,65,2026-08-22 08:16:14,q01,star,10,8.924531936645508,5.697734832763672
benchmark_20260822_101612_q01_obt_run_1,93,935805,9358050,6632087,65,2026-08-22 08:16:14,q01,obt,1,8.924531936645508,6.324851036071777
benchmark_20260822_101612_q01_obt_run_2,85,935805,9358050,6632087,65,2026-08-22 08:16:14,q01,obt,2,8.924531936645508,6.324851036071777
benchmark_20260822_101612_q01_obt_run_3,49,935805,9358050,6632087,65,2026-08-22 08:16:14,q01,obt,3,8.924531936645508,6.324851036071777
benchmark_20260822_101612_q01_obt_run_4,43,935805,9358050,6632087,65,2026-08-22 08:16:14,q01,obt,4,8.924531936645508,6.324851036071777
benchmark_20260822_101612_q01_obt_run_5,44,935805,9358050,6632087,65,2026-08-22 08:16:14,q01,obt,5,8.924531936645508,6.324851036071777
benchmark_20260822_101612_q01_obt_run_6,44,935805,9358050,6632087,65,2026-08-22 08:16:14,q01,obt,6,8.924531936645508,6.324851036071777
benchmark_20260822_101612_q01_obt_run_7,30,935805,9358050,6632087,65,2026-08-22 08:16:14,q01,obt,7,8.924531936645508,6.324851036071777
benchmark_20260822_101612_q01_obt_run_8,48,935805,9358050,6632087,65,2026-08-22 08:16:14,q01,obt,8,8.924531936645508,6.324851036071777
benchmark_20260822_101612_q01_obt_run_9,39,935805,9358050,6632087,65,2026-08-22 08:16:15,q01,obt,9,8.924531936645508,6.324851036071777
benchmark_20260822_101612_q01_obt_run_10,32,935805,9358050,6632087,65,2026-08-22 08:16:15,q01,obt,10,8.924531936645508,6.324851036071777
benchmark_20260822_101612_q02_star_run_1,161,937213,16275453,6250037,2,2026-08-22 08:16:15,q02,star,1,15.52148151397705,5.9604997634887695
benchmark_20260822_101612_q02_star_run_2,143,937213,16275453,6250037,2,2026-08-22 08:16:15,q02,star,2,15.52148151397705,5.9604997634887695
benchmark_20260822_101612_q02_star_run_3,102,937213,16275453,6250037,2,2026-08-22 08:16:15,q02,star,3,15.52148151397705,5.9604997634887695
benchmark_20260822_101612_q02_star_run_4,122,937213,16275453,6250037,2,2026-08-22 08:16:15,q02,star,4,15.52148151397705,5.9604997634887695
benchmark_20260822_101612_q02_star_run_5,137,937213,16275453,6250037,2,2026-08-22 08:16:15,q02,star,5,15.52148151397705,5.9604997634887695
benchmark_20260822_101612_q02_star_run_6,101,937213,16275453,6250037,2,2026-08-22 08:16:15,q02,star,6,15.52148151397705,5.9604997634887695
benchmark_20260822_101612_q02_star_run_7,113,937213,16275453,6250037,2,2026-08-22 08:16:16,q02,star,7,15.52148151397705,5.9604997634887695
benchmark_20260822_101612_q02_star_run_8,101,937213,16275453,6250037,2,2026-08-22 08:16:16,q02,star,8,15.52148151397705,5.9604997634887695
benchmark_20260822_101612_q02_star_run_9,109,937213,16275453,6250037,2,2026-08-22 08:16:16,q02,star,9,15.52148151397705,5.9604997634887695
benchmark_20260822_101612_q02_star_run_10,214,937213,16275453,6250037,2,2026-08-22 08:16:16,q02,star,10,15.52148151397705,5.9604997634887695
benchmark_20260822_101612_q02_obt_run_1,89,935805,9358050,6063253,2,2026-08-22 08:16:16,q02,obt,1,8.924531936645508,5.7823686599731445
benchmark_20260822_101612_q02_obt_run_2,86,935805,9358050,6063253,2,2026-08-22 08:16:16,q02,obt,2,8.924531936645508,5.7823686599731445
benchmark_20260822_101612_q02_obt_run_3,43,935805,9358050,6063253,2,2026-08-22 08:16:16,q02,obt,3,8.924531936645508,5.7823686599731445
benchmark_20260822_101612_q02_obt_run_4,35,935805,9358050,6063253,2,2026-08-22 08:16:16,q02,obt,4,8.924531936645508,5.7823686599731445
benchmark_20260822_101612_q02_obt_run_5,49,935805,9358050,6063253,2,2026-08-22 08:16:17,q02,obt,5,8.924531936645508,5.7823686599731445
benchmark_20260822_101612_q02_obt_run_6,104,935805,9358050,6063253,2,2026-08-22 08:16:17,q02,obt,6,8.924531936645508,5.7823686599731445
benchmark_20260822_101612_q02_obt_run_7,84,935805,9358050,6063253,2,2026-08-22 08:16:17,q02,obt,7,8.924531936645508,5.7823686599731445
benchmark_20260822_101612_q02_obt_run_8,79,935805,9358050,6063253,2,2026-08-22 08:16:17,q02,obt,8,8.924531936645508,5.7823686599731445
benchmark_20260822_101612_q02_obt_run_9,73,935805,9358050,6063253,2,2026-08-22 08:16:17,q02,obt,9,8.924531936645508,5.7823686599731445
benchmark_20260822_101612_q02_obt_run_10,64,935805,9358050,6063253,2,2026-08-22 08:16:17,q02,obt,10,8.924531936645508,5.7823686599731445
benchmark_20260822_101612_q03_star_run_1,315,950888,15027052,11874200,25,2026-08-22 08:16:18,q03,star,1,14.330913543701172,11.324119567871094
benchmark_20260822_101612_q03_star_run_2,498,950888,15027052,11874200,25,2026-08-22 08:16:18,q03,star,2,14.330913543701172,11.324119567871094
benchmark_20260822_101612_q03_star_run_3,280,950888,15027052,11874200,25,2026-08-22 08:16:18,q03,star,3,14.330913543701172,11.324119567871094
benchmark_20260822_101612_q03_star_run_4,297,950888,15027052,11874200,25,2026-08-22 08:16:19,q03,star,4,14.330913543701172,11.324119567871094
benchmark_20260822_101612_q03_star_run_5,287,950888,15027052,11874200,25,2026-08-22 08:16:19,q03,star,5,14.330913543701172,11.324119567871094
benchmark_20260822_101612_q03_star_run_6,264,950888,15027052,11874200,25,2026-08-22 08:16:19,q03,star,6,14.330913543701172,11.324119567871094
benchmark_20260822_101612_q03_star_run_7,218,950888,15027052,11874200,25,2026-08-22 08:16:19,q03,star,7,14.330913543701172,11.324119567871094
benchmark_20260822_101612_q03_star_run_8,224,950888,15027052,11874200,25,2026-08-22 08:16:20,q03,star,8,14.330913543701172,11.324119567871094
benchmark_20260822_101612_q03_star_run_9,216,950888,15027052,11874200,25,2026-08-22 08:16:20,q03,star,9,14.330913543701172,11.324119567871094
benchmark_20260822_101612_q03_star_run_10,243,950888,15027052,11874200,25,2026-08-22 08:16:20,q03,star,10,14.330913543701172,11.324119567871094
benchmark_20260822_101612_q03_obt_run_1,61,935805,11229660,6386044,25,2026-08-22 08:16:20,q03,obt,1,10.70943832397461,6.090206146240234
benchmark_20260822_101612_q03_obt_run_2,71,935805,11229660,6386044,25,2026-08-22 08:16:20,q03,obt,2,10.70943832397461,6.090206146240234
benchmark_20260822_101612_q03_obt_run_3,59,935805,11229660,6386044,25,2026-08-22 08:16:20,q03,obt,3,10.70943832397461,6.090206146240234
benchmark_20260822_101612_q03_obt_run_4,48,935805,11229660,6386044,25,2026-08-22 08:16:21,q03,obt,4,10.70943832397461,6.090206146240234
benchmark_20260822_101612_q03_obt_run_5,48,935805,11229660,6386044,25,2026-08-22 08:16:21,q03,obt,5,10.70943832397461,6.090206146240234
benchmark_20260822_101612_q03_obt_run_6,42,935805,11229660,6386044,25,2026-08-22 08:16:21,q03,obt,6,10.70943832397461,6.090206146240234
benchmark_20260822_101612_q03_obt_run_7,40,935805,11229660,6386044,25,2026-08-22 08:16:21,q03,obt,7,10.70943832397461,6.090206146240234
benchmark_20260822_101612_q03_obt_run_8,39,935805,11229660,6386044,25,2026-08-22 08:16:21,q03,obt,8,10.70943832397461,6.090206146240234
benchmark_20260822_101612_q03_obt_run_9,40,935805,11229660,6386044,25,2026-08-22 08:16:21,q03,obt,9,10.70943832397461,6.090206146240234
benchmark_20260822_101612_q03_obt_run_10,47,935805,11229660,6386044,25,2026-08-22 08:16:21,q03,obt,10,10.70943832397461,6.090206146240234
benchmark_20260822_101612_q04_star_run_1,144,936215,12906859,21531358,8,2026-08-22 08:16:21,q04,star,1,12.308939933776855,20.533903121948242
benchmark_20260822_101612_q04_star_run_2,163,936215,12906859,21532254,8,2026-08-22 08:16:21,q04,star,2,12.308939933776855,20.534757614135742
benchmark_20260822_101612_q04_star_run_3,86,936215,12909406,24188780,8,2026-08-22 08:16:21,q04,star,3,12.311368942260742,23.068218231201172
benchmark_20260822_101612_q04_star_run_4,69,936215,12909406,24229579,8,2026-08-22 08:16:21,q04,star,4,12.311368942260742,23.10712718963623
benchmark_20260822_101612_q04_star_run_5,75,936215,12909406,21538501,8,2026-08-22 08:16:21,q04,star,5,12.311368942260742,20.540715217590332
benchmark_20260822_101612_q04_star_run_6,66,936215,12909406,24287897,8,2026-08-22 08:16:22,q04,star,6,12.311368942260742,23.16274356842041
benchmark_20260822_101612_q04_star_run_7,70,936215,12909406,21538501,8,2026-08-22 08:16:22,q04,star,7,12.311368942260742,20.540715217590332
benchmark_20260822_101612_q04_star_run_8,70,936215,12909406,21539397,8,2026-08-22 08:16:22,q04,star,8,12.311368942260742,20.541569709777832
benchmark_20260822_101612_q04_star_run_9,65,936215,12909406,21538501,8,2026-08-22 08:16:22,q04,star,9,12.311368942260742,20.540715217590332
benchmark_20260822_101612_q04_star_run_10,72,936215,12909406,24184824,8,2026-08-22 08:16:22,q04,star,10,12.311368942260742,23.06444549560547
benchmark_20260822_101612_q04_obt_run_1,13,514325,1981890,6362639,8,2026-08-22 08:16:22,q04,obt,1,1.8900775909423828,6.067885398864746
benchmark_20260822_101612_q04_obt_run_2,12,514325,1981890,6362639,8,2026-08-22 08:16:22,q04,obt,2,1.8900775909423828,6.067885398864746
benchmark_20260822_101612_q04_obt_run_3,14,514325,1981890,6362639,8,2026-08-22 08:16:22,q04,obt,3,1.8900775909423828,6.067885398864746
benchmark_20260822_101612_q04_obt_run_4,15,514325,1981890,6362639,8,2026-08-22 08:16:22,q04,obt,4,1.8900775909423828,6.067885398864746
benchmark_20260822_101612_q04_obt_run_5,15,514325,1981890,6362639,8,2026-08-22 08:16:22,q04,obt,5,1.8900775909423828,6.067885398864746
benchmark_20260822_101612_q04_obt_run_6,12,514325,1981890,6362767,8,2026-08-22 08:16:22,q04,obt,6,1.8900775909423828,6.068007469177246
benchmark_20260822_101612_q04_obt_run_7,13,514325,1981890,6362639,8,2026-08-22 08:16:22,q04,obt,7,1.8900775909423828,6.067885398864746
benchmark_20260822_101612_q04_obt_run_8,16,514325,1981890,6362639,8,2026-08-22 08:16:22,q04,obt,8,1.8900775909423828,6.067885398864746
benchmark_20260822_101612_q04_obt_run_9,15,514325,1981890,6362639,8,2026-08-22 08:16:22,q04,obt,9,1.8900775909423828,6.067885398864746
benchmark_20260822_101612_q04_obt_run_10,13,514325,1981890,6362639,8,2026-08-22 08:16:22,q04,obt,10,1.8900775909423828,6.067885398864746
benchmark_20260822_101612_q05_star_run_1,350,952706,20454792,104477648,71,2026-08-22 08:16:23,q05,star,1,19.50720977783203,99.63764953613281
benchmark_20260822_101612_q05_star_run_2,350,952706,20454792,104478544,71,2026-08-22 08:16:24,q05,star,2,19.50720977783203,99.63850402832031
benchmark_20260822_101612_q05_star_run_3,313,952706,20454792,104477648,71,2026-08-22 08:16:24,q05,star,3,19.50720977783203,99.63764953613281
benchmark_20260822_101612_q05_star_run_4,268,952706,20454792,104478544,71,2026-08-22 08:16:24,q05,star,4,19.50720977783203,99.63850402832031
benchmark_20260822_101612_q05_star_run_5,283,952706,20454792,104478544,71,2026-08-22 08:16:24,q05,star,5,19.50720977783203,99.63850402832031
benchmark_20260822_101612_q05_star_run_6,339,952706,20454792,104477648,71,2026-08-22 08:16:25,q05,star,6,19.50720977783203,99.63764953613281
benchmark_20260822_101612_q05_star_run_7,465,952706,20454792,104477648,71,2026-08-22 08:16:25,q05,star,7,19.50720977783203,99.63764953613281
benchmark_20260822_101612_q05_star_run_8,312,952706,20454792,104478544,71,2026-08-22 08:16:26,q05,star,8,19.50720977783203,99.63850402832031
benchmark_20260822_101612_q05_star_run_9,492,952706,20454792,104478544,71,2026-08-22 08:16:26,q05,star,9,19.50720977783203,99.63850402832031
benchmark_20260822_101612_q05_star_run_10,439,952706,20454792,104477648,71,2026-08-22 08:16:26,q05,star,10,19.50720977783203,99.63764953613281
benchmark_20260822_101612_q05_obt_run_1,16,530709,4569464,5193889,71,2026-08-22 08:16:27,q05,obt,1,4.357780456542969,4.953278541564941
benchmark_20260822_101612_q05_obt_run_2,16,530709,4569464,5193729,71,2026-08-22 08:16:27,q05,obt,2,4.357780456542969,4.953125953674316
benchmark_20260822_101612_q05_obt_run_3,24,530709,4569464,5193729,71,2026-08-22 08:16:27,q05,obt,3,4.357780456542969,4.953125953674316
benchmark_20260822_101612_q05_obt_run_4,53,530709,4569464,5193729,71,2026-08-22 08:16:27,q05,obt,4,4.357780456542969,4.953125953674316
benchmark_20260822_101612_q05_obt_run_5,30,530709,4372408,5781812,71,2026-08-22 08:16:27,q05,obt,5,4.169853210449219,5.513965606689453
benchmark_20260822_101612_q05_obt_run_6,28,530709,4372408,5781812,71,2026-08-22 08:16:27,q05,obt,6,4.169853210449219,5.513965606689453
benchmark_20260822_101612_q05_obt_run_7,17,530709,4569464,5193729,71,2026-08-22 08:16:27,q05,obt,7,4.357780456542969,4.953125953674316
benchmark_20260822_101612_q05_obt_run_8,18,530709,4569464,5193729,71,2026-08-22 08:16:27,q05,obt,8,4.357780456542969,4.953125953674316
benchmark_20260822_101612_q05_obt_run_9,16,530709,4569464,5193729,71,2026-08-22 08:16:27,q05,obt,9,4.357780456542969,4.953125953674316
benchmark_20260822_101612_q05_obt_run_10,20,530709,4569464,5193729,71,2026-08-22 08:16:27,q05,obt,10,4.357780456542969,4.953125953674316
benchmark_20260822_101612_q06_star_run_1,5157,952706,35749236,825521843,935805,2026-08-22 08:16:44,q06,star,1,34.0931282043457,787.2789793014526
benchmark_20260822_101612_q06_star_run_2,6258,952706,35749236,557086547,935805,2026-08-22 08:16:52,q06,star,2,34.0931282043457,531.2791318893433
benchmark_20260822_101612_q06_star_run_3,3397,952706,35749236,557086707,935805,2026-08-22 08:16:57,q06,star,3,34.0931282043457,531.2792844772339
benchmark_20260822_101612_q06_star_run_4,5577,952706,35749236,557085363,935805,2026-08-22 08:17:04,q06,star,4,34.0931282043457,531.2780027389526
benchmark_20260822_101612_q06_star_run_5,5148,952706,35749236,557098474,935805,2026-08-22 08:17:11,q06,star,5,34.0931282043457,531.290506362915
benchmark_20260822_101612_q06_star_run_6,6729,952706,35744907,821404562,935805,2026-08-22 08:17:19,q06,star,6,34.08899974822998,783.3524341583252
benchmark_20260822_101612_q06_star_run_7,2641,952706,35749236,557086515,935805,2026-08-22 08:17:23,q06,star,7,34.0931282043457,531.2791013717651
benchmark_20260822_101612_q06_star_run_8,2821,952706,35749236,557085491,935805,2026-08-22 08:17:26,q06,star,8,34.0931282043457,531.2781248092651
benchmark_20260822_101612_q06_star_run_9,4236,952706,35749236,557098346,935805,2026-08-22 08:17:32,q06,star,9,34.0931282043457,531.2903842926025
benchmark_20260822_101612_q06_star_run_10,3505,952706,35749236,557085043,935805,2026-08-22 08:17:37,q06,star,10,34.0931282043457,531.2776975631714
benchmark_20260822_101612_q06_obt_run_1,4537,935805,64514856,436833463,935805,2026-08-22 08:17:47,q06,obt,1,61.526161193847656,416.5968542098999
benchmark_20260822_101612_q06_obt_run_2,2940,935805,64514856,432431247,935805,2026-08-22 08:17:51,q06,obt,2,61.526161193847656,412.39857387542725
benchmark_20260822_101612_q06_obt_run_3,2872,935805,64514856,432432989,935805,2026-08-22 08:17:54,q06,obt,3,61.526161193847656,412.4002351760864
benchmark_20260822_101612_q06_obt_run_4,3259,935805,64514856,432453295,935805,2026-08-22 08:17:59,q06,obt,4,61.526161193847656,412.41960048675537
benchmark_20260822_101612_q06_obt_run_5,2637,935805,64514856,432430429,935805,2026-08-22 08:18:03,q06,obt,5,61.526161193847656,412.3977937698364
benchmark_20260822_101612_q06_obt_run_6,4644,935805,64514856,432505076,935805,2026-08-22 08:18:09,q06,obt,6,61.526161193847656,412.4689826965332
benchmark_20260822_101612_q06_obt_run_7,2301,935805,64514856,432474804,935805,2026-08-22 08:18:13,q06,obt,7,61.526161193847656,412.44011306762695
benchmark_20260822_101612_q06_obt_run_8,2446,935805,64514856,432488851,935805,2026-08-22 08:18:16,q06,obt,8,61.526161193847656,412.4535093307495
benchmark_20260822_101612_q06_obt_run_9,2637,935805,64514856,432475817,935805,2026-08-22 08:18:20,q06,obt,9,61.526161193847656,412.4410791397095
benchmark_20260822_101612_q06_obt_run_10,3971,935805,64514856,436833463,935805,2026-08-22 08:18:25,q06,obt,10,61.526161193847656,416.5968542098999
